NEES_dof,NEES_in_bounds_pct,NEES_mean,NIS_dof,NIS_in_bounds_pct,NIS_mean,Q_scale,R_scale,achieved_control_effort_nm2_s_ci95_lower,achieved_control_effort_nm2_s_ci95_upper,achieved_control_effort_nm2_s_mean,achieved_control_effort_nm2_s_n,achieved_control_effort_nm2_s_std,angular_rate_estimation_rmse_rad_s_ci95_lower,angular_rate_estimation_rmse_rad_s_ci95_upper,angular_rate_estimation_rmse_rad_s_mean,angular_rate_estimation_rmse_rad_s_n,angular_rate_estimation_rmse_rad_s_std,attitude_3sigma_component_coverage_ci95_lower,attitude_3sigma_component_coverage_ci95_upper,attitude_3sigma_component_coverage_mean,attitude_3sigma_component_coverage_n,attitude_3sigma_component_coverage_std,attitude_estimation_rmse_rad_ci95_lower,attitude_estimation_rmse_rad_ci95_upper,attitude_estimation_rmse_rad_mean,attitude_estimation_rmse_rad_n,attitude_estimation_rmse_rad_std,bias_3sigma_component_coverage_ci95_lower,bias_3sigma_component_coverage_ci95_upper,bias_3sigma_component_coverage_mean,bias_3sigma_component_coverage_n,bias_3sigma_component_coverage_std,bias_estimation_rmse_rad_s_ci95_lower,bias_estimation_rmse_rad_s_ci95_upper,bias_estimation_rmse_rad_s_mean,bias_estimation_rmse_rad_s_n,bias_estimation_rmse_rad_s_std,campaign,case,command_torque_saturation_fraction_ci95_lower,command_torque_saturation_fraction_ci95_upper,command_torque_saturation_fraction_mean,command_torque_saturation_fraction_n,command_torque_saturation_fraction_std,control_effort_nm2_s_ci95_lower,control_effort_nm2_s_ci95_upper,control_effort_nm2_s_mean,control_effort_nm2_s_n,control_effort_nm2_s_std,duration_s,inertia_mismatch,innovation_lag1_autocorrelation_rms_ci95_lower,innovation_lag1_autocorrelation_rms_ci95_upper,innovation_lag1_autocorrelation_rms_mean,innovation_lag1_autocorrelation_rms_n,innovation_lag1_autocorrelation_rms_std,nis_gate_enabled,outage_duration_measurements,outage_start_time_s,outlier_magnitude_rad,outlier_probability,peak_achieved_torque_nm_ci95_lower,peak_achieved_torque_nm_ci95_upper,peak_achieved_torque_nm_mean,peak_achieved_torque_nm_n,peak_achieved_torque_nm_std,peak_commanded_torque_nm_ci95_lower,peak_commanded_torque_nm_ci95_upper,peak_commanded_torque_nm_mean,peak_commanded_torque_nm_n,peak_commanded_torque_nm_std,pointing_final_rad_ci95_lower,pointing_final_rad_ci95_upper,pointing_final_rad_mean,pointing_final_rad_n,pointing_final_rad_std,pointing_peak_rad_ci95_lower,pointing_peak_rad_ci95_upper,pointing_peak_rad_mean,pointing_peak_rad_n,pointing_peak_rad_std,pointing_rms_rad_ci95_lower,pointing_rms_rad_ci95_upper,pointing_rms_rad_mean,pointing_rms_rad_n,pointing_rms_rad_std,rejected_measurements,runs,star_tracker_updates,variant
6,95.89999999999999,6.006776568299769,3,97.0,2.973091299954086,,,0.112774635843149,0.11314735156644469,0.11296099370479684,10,0.00026051032721209123,0.0009983851899920773,0.0010047303738361518,0.0010015577819141145,10,4.434977695130212e-06,0.9963854030156655,0.9988412636510012,0.9976133333333334,10,0.0017165282216737487,0.0013078567808410325,0.0019877425760090792,0.0016477996784250559,10,0.0004752074031112574,0.9938655283100415,1.0015944716899585,0.99773,10,0.005402158919140984,2.7052943802562312e-05,3.521832431396942e-05,3.1135634058265865e-05,10,5.707207439569999e-06,E1,gyro_driven_inertia_0.00,0.027000722066734213,0.028919277933265777,0.027959999999999995,10,0.0013409780841692458,0.12373496571910103,0.12414548349912413,0.12394022460911258,10,0.0002869321429602224,100.0,0.0,0.0874798349332795,0.15346831443928027,0.12047407468627988,10,0.04612276680020394,,,,,,0.1,0.1,0.1,10,6.542051911182396e-18,0.10000000000000003,0.10000000000000006,0.10000000000000005,10,1.4628472785736255e-17,0.0020838841836768782,0.002415409116787647,0.0022496466502322627,10,0.0002317199501002397,0.07412400390413283,0.07447237937470481,0.07429819163941882,10,0.00024349766365871622,0.03691654965447813,0.037097737436059264,0.0370071435452687,10,0.00012664152681610223,0,10,1000,gyro_driven
6,95.95,6.008969801551066,3,97.0,2.973598473056266,,,0.12376236623708974,0.12412597852328729,0.12394417238018851,10,0.0002541474634288772,0.0009983850990965709,0.0010047305163106554,0.0010015578077036131,10,4.435140809519769e-06,0.9963935592301848,0.9988331074364819,0.9976133333333334,10,0.0017051266199679819,0.0013078646375325827,0.0019877439946140905,0.0016478043160733364,10,0.0004752029031990558,0.9938289372439216,1.0015843960894113,0.9977066666666665,10,0.005420691951639389,2.704545816641145e-05,3.523305855185151e-05,3.113925835913148e-05,10,5.722738060612097e-06,E1,gyro_driven_inertia_0.10,0.031847643112943025,0.034232356887056975,0.03304,10,0.0016667999946670938,0.13733880554358452,0.1377442488948431,0.1375415272192138,10,0.0002833853618205058,100.0,0.1,0.0875782901885981,0.15343750964623704,0.12050789991741757,10,0.04603242025620405,,,,,,0.1,0.1,0.1,10,6.542051911182396e-18,0.10000000000000003,0.10000000000000006,0.10000000000000005,10,1.4628472785736255e-17,0.003394731971892671,0.003717017617501821,0.003555874794697246,10,0.00022526213343243074,0.08025886839118716,0.0806010662973906,0.08042996734428888,10,0.00023917984389842413,0.04092554966964411,0.04110802836722578,0.041016789018434946,10,0.00012754381488361456,0,10,1000,gyro_driven
6,95.96000000000001,6.012233506273259,3,97.0,2.9742752248767665,,,0.14105816288784873,0.1414295784253864,0.14124387065661756,10,0.00025960156003087723,0.0009983849924281418,0.001004730695375694,0.0010015578439019179,10,4.435340523442438e-06,0.996396192617511,0.9988438073824891,0.9976200000000001,10,0.0017107647557109338,0.0013078736274527649,0.0019877456194998784,0.0016478096234763216,10,0.0004751977553949789,0.9937537498497694,1.0015662501502307,0.99766,10,0.005460561179499955,2.7034274917525708e-05,3.525401096839654e-05,3.114414294296112e-05,10,5.745199341940722e-06,E1,gyro_driven_inertia_0.25,0.04164968429243497,0.04393031570756502,0.042789999999999995,10,0.001594051442080838,0.15937993907407957,0.15980271586246106,0.15959132746827032,10,0.0002955005989687038,100.0,0.25,0.08770904266330659,0.1533933550491885,0.12055119885624754,10,0.04591016864285049,,,,,,0.1,0.1,0.1,10,6.542051911182396e-18,0.10000000000000003,0.10000000000000006,0.10000000000000005,10,1.4628472785736255e-17,0.006198405366020109,0.0065179862770091725,0.006358195821514641,10,0.000223371654290123,0.08931219610779433,0.08963463867634984,0.08947341739207208,10,0.0002253718150089015,0.04707192177292421,0.04725623425183534,0.047164078012379776,10,0.00012882553965214846,0,10,1000,gyro_driven
9,71.34,10.68630775334707,3,97.0,3.0327037387557385,,,0.08676096247805389,0.08687325570911482,0.08681710909358435,10,7.848755643768965e-05,2.6954029392753242e-05,3.637427097889388e-05,3.166415018582356e-05,10,6.584294851643569e-06,0.9724359046804258,1.0025707619862407,0.9875033333333333,10,0.021062812880044145,0.001299751238830809,0.0019825747145710247,0.0016411629767009168,10,0.00047726070024702976,0.9950850165413841,1.0019016501252827,0.9984933333333335,10,0.00476449834132036,2.4606013554967436e-05,3.1524600897583846e-05,2.806530722627564e-05,10,4.835759104910441e-06,E1,model_aided_inertia_0.00,0.023266129291637454,0.024853870708362542,0.024059999999999998,10,0.001109754727656321,0.09478858073349188,0.09491035650867378,0.09484946862108283,10,8.511539775846862e-05,100.0,0.0,0.12276045837169157,0.25451276857839333,0.18863661347504246,10,0.09208851491265584,,,,,,0.09999999999999999,0.10000000000000002,0.1,10,1.1331166295920986e-17,0.10000000000000003,0.10000000000000006,0.10000000000000005,10,1.4628472785736255e-17,0.002116122692540219,0.0021369072049073124,0.0021265149487237657,10,1.4527372416214563e-05,0.07347554870649682,0.07359346075021296,0.07353450472835489,10,8.241483567992012e-05,0.03658890014089349,0.036649428157109774,0.03661916414900163,10,4.230616613266377e-05,0,10,1000,model_aided
9,0.73,225876.08785941833,3,2.0,1009.4160239298936,,,0.09417650303200588,0.094281583478222,0.09422904325511394,10,7.344616745787236e-05,0.00013418418330869955,0.0001360811657172439,0.00013513267451297173,10,1.3258992767885133e-06,0.10735014259579655,0.11640985740420341,0.11187999999999998,10,0.006332304009921989,0.002025095071053383,0.0025165001812564765,0.0022707976261549297,10,0.0003434684883179453,0.5979988331333044,0.7388811668666957,0.66844,10,0.09846996132806503,4.9663193713917786e-05,5.4164607845297504e-05,5.1913900779607645e-05,10,3.1462715281064974e-06,E1,model_aided_inertia_0.10,0.025975495550355707,0.02754450444964429,0.02676,10,0.001096661600798837,0.10372426733708826,0.10383892117277924,0.10378159425493375,10,8.013750530261776e-05,100.0,0.1,0.5438532045681564,0.6952935970836563,0.6195734008259064,10,0.1058495355615608,,,,,,0.09999999999999999,0.10000000000000002,0.1,10,1.1331166295920986e-17,0.10000000000000003,0.10000000000000006,0.10000000000000005,10,1.4628472785736255e-17,0.004273958221402684,0.00429325491519251,0.004283606568297597,10,1.348745893746687e-05,0.08127304272289408,0.08138285810767391,0.081327950415284,10,7.675566130924932e-05,0.04306432552536784,0.043124206739485256,0.04309426613242655,10,4.185408263876877e-05,0,10,1000,model_aided
9,0.7100000000000001,1166892.1103504878,3,1.0,8937.273096655093,,,0.10494248564572418,0.10503728469824448,0.10498988517198433,10,6.625996878556078e-05,0.00034354714819519953,0.0003446957976698254,0.00034412147293251245,10,8.028506225625054e-07,0.0633761171566946,0.06935054950997206,0.06636333333333333,10,0.0041758402717667065,0.00477327230463968,0.005006389043418838,0.004889830674029259,10,0.0001629373651344312,0.35378260134964373,0.4663173986503563,0.41005,10,0.0786563995967961,9.910586262384164e-05,0.00010528150631789917,0.0001021936844708704,10,4.316477301409298e-06,E1,model_aided_inertia_0.25,0.030898268808895943,0.032321731191104056,0.03161,10,0.0009949316001057005,0.11696876499421327,0.11707310287637243,0.11702093393529285,10,7.29271509705921e-05,100.0,0.25,0.7094105334112896,0.8298236990942426,0.7696171162527661,10,0.08416299939088788,,,,,,0.09999999999999999,0.10000000000000002,0.1,10,1.1331166295920986e-17,0.10000000000000003,0.10000000000000006,0.10000000000000005,10,1.4628472785736255e-17,0.0021065816033130585,0.0021283342311089657,0.002117457917211012,10,1.5204038441756064e-05,0.0932054688371141,0.09330270430909003,0.09325408657310207,10,6.796290855960445e-05,0.05391154343249614,0.05396999203521688,0.05394076773385651,10,4.085275631848802e-05,0,10,1000,model_aided
6,0.48,45.31845930125741,3,1.0,11.202745656249059,0.1,,0.11278560649289175,0.11314607131599709,0.11296583890444442,10,0.0002519475384222566,0.0009983900163875955,0.0010047367300072463,0.001001563373197421,10,4.436046934528926e-06,0.7949400270119666,0.816319972988033,0.8056299999999998,10,0.014943551811424923,0.001311204531541989,0.0019895997830395033,0.0016504021572907462,10,0.0004741655849236563,0.550839721031041,0.7935336123022922,0.6721866666666666,10,0.16963133314687237,2.7236925480449246e-05,3.5188681733489325e-05,3.1212803606969284e-05,10,5.55789437878591e-06,E2,Q_scale_0.1,0.027033282193491305,0.028886717806508685,0.027959999999999995,10,0.001295462165492386,0.12374626030330793,0.12414516762634004,0.12394571396482398,10,0.0002788169930999875,100.0,,0.11320677898410726,0.21420213003742372,0.16370445451076548,10,0.07059088282392151,,,,,,0.1,0.1,0.1,10,6.542051911182396e-18,0.10000000000000003,0.10000000000000006,0.10000000000000005,10,1.4628472785736255e-17,0.002082612829221764,0.002442853071556957,0.0022627329503893605,10,0.0002517905672877965,0.07412051676534996,0.07447163717404524,0.0742960769696976,10,0.00024541624311214254,0.036914105190705246,0.037093846326792565,0.037003975758748905,10,0.00012563039133831598,0,10,1000,
6,95.89999999999999,6.006776568299769,3,97.0,2.973091299954086,1.0,,0.112774635843149,0.11314735156644469,0.11296099370479684,10,0.00026051032721209123,0.0009983851899920773,0.0010047303738361518,0.0010015577819141145,10,4.434977695130212e-06,0.9963854030156655,0.9988412636510012,0.9976133333333334,10,0.0017165282216737487,0.0013078567808410325,0.0019877425760090792,0.0016477996784250559,10,0.0004752074031112574,0.9938655283100415,1.0015944716899585,0.99773,10,0.005402158919140984,2.7052943802562312e-05,3.521832431396942e-05,3.1135634058265865e-05,10,5.707207439569999e-06,E2,Q_scale_1,0.027000722066734213,0.028919277933265777,0.027959999999999995,10,0.0013409780841692458,0.12373496571910103,0.12414548349912413,0.12394022460911258,10,0.0002869321429602224,100.0,,0.0874798349332795,0.15346831443928027,0.12047407468627988,10,0.04612276680020394,,,,,,0.1,0.1,0.1,10,6.542051911182396e-18,0.10000000000000003,0.10000000000000006,0.10000000000000005,10,1.4628472785736255e-17,0.0020838841836768782,0.002415409116787647,0.0022496466502322627,10,0.0002317199501002397,0.07412400390413283,0.07447237937470481,0.07429819163941882,10,0.00024349766365871622,0.03691654965447813,0.037097737436059264,0.0370071435452687,10,0.00012664152681610223,0,10,1000,
6,0.16,0.8752935810337156,3,1.0,0.43879475959103537,10.0,,0.11276987863029422,0.11313720176260242,0.11295354019644832,10,0.00025674116601264157,0.000998373732541933,0.001004708827502467,0.0010015412800222,10,4.427926051778323e-06,0.9999784816595196,1.0000015183404805,0.99999,10,1.610152971798649e-05,0.0013080987763113882,0.0019879550974092955,0.0016480269368603418,10,0.00047518680215675915,1.0,1.0,1.0,10,0.0,2.6652429695490606e-05,3.4519149428451945e-05,3.058578956197128e-05,10,5.498457949662919e-06,E2,Q_scale_10,0.02693996501564681,0.028880034984353185,0.027909999999999997,10,0.001356015404697815,0.12372972063052896,0.12413428517119422,0.1239320029008616,10,0.00028277111557084236,100.0,,0.10275805349474865,0.17551877604307564,0.13913841476891214,10,0.05085623829240754,,,,,,0.1,0.1,0.1,10,6.542051911182396e-18,0.10000000000000003,0.10000000000000006,0.10000000000000005,10,1.4628472785736255e-17,0.002082474851412526,0.002408507027993893,0.0022454909397032095,10,0.00022788077801456019,0.07413242395184104,0.07447658321749502,0.07430450358466803,10,0.0002405507396248568,0.03692333837085528,0.037101480533773254,0.037012409452314265,10,0.00012451278615690167,0,10,1000,
6,66.78,8.492235954188963,3,66.0,4.122562489899421,,0.1,0.11276967064800186,0.1131490786641483,0.11295937465607508,10,0.00026518791737365334,0.0009983879832224938,0.001004735244071337,0.0010015616136469154,10,4.4364294213604205e-06,0.96946513330444,0.9731748666955602,0.9713200000000001,10,0.0025929248464348683,0.0013081273728298443,0.001987966904619022,0.0016480471387244331,10,0.0004751750672391331,0.9936099507531404,1.0012367159135265,0.9974233333333334,10,0.00533074126826054,2.7122976446134488e-05,3.5351663026199455e-05,3.123731973616697e-05,10,5.751455330468569e-06,E3,R_scale_0.1,0.026974237563270297,0.028925762436729695,0.027949999999999996,10,0.0013640218310406748,0.12372961493550297,0.12414723933933361,0.12393842713741829,10,0.00029189933049152307,100.0,,0.10313891335762526,0.17613639806211367,0.13963765570986947,10,0.05102172362859797,,,,,,0.1,0.1,0.1,10,6.542051911182396e-18,0.10000000000000003,0.10000000000000006,0.10000000000000005,10,1.4628472785736255e-17,0.0020835584219558237,0.0024100804731089723,0.002246819447532398,10,0.0002282231767302873,0.07412478470850442,0.07447379510490718,0.0742992899067058,10,0.00024394144621360387,0.03691727136173524,0.03709922786923715,0.0370082496154862,10,0.00012717882918528443,0,10,1000,
6,95.89999999999999,6.006776568299769,3,97.0,2.973091299954086,,1.0,0.112774635843149,0.11314735156644469,0.11296099370479684,10,0.00026051032721209123,0.0009983851899920773,0.0010047303738361518,0.0010015577819141145,10,4.434977695130212e-06,0.9963854030156655,0.9988412636510012,0.9976133333333334,10,0.0017165282216737487,0.0013078567808410325,0.0019877425760090792,0.0016477996784250559,10,0.0004752074031112574,0.9938655283100415,1.0015944716899585,0.99773,10,0.005402158919140984,2.7052943802562312e-05,3.521832431396942e-05,3.1135634058265865e-05,10,5.707207439569999e-06,E3,R_scale_1,0.027000722066734213,0.028919277933265777,0.027959999999999995,10,0.0013409780841692458,0.12373496571910103,0.12414548349912413,0.12394022460911258,10,0.0002869321429602224,100.0,,0.0874798349332795,0.15346831443928027,0.12047407468627988,10,0.04612276680020394,,,,,,0.1,0.1,0.1,10,6.542051911182396e-18,0.10000000000000003,0.10000000000000006,0.10000000000000005,10,1.4628472785736255e-17,0.0020838841836768782,0.002415409116787647,0.0022496466502322627,10,0.0002317199501002397,0.07412400390413283,0.07447237937470481,0.07429819163941882,10,0.00024349766365871622,0.03691654965447813,0.037097737436059264,0.0370071435452687,10,0.00012664152681610223,0,10,1000,
6,76.14999999999999,4.557788920403187,3,4.0,1.1468449004679147,,10.0,0.11278641557358163,0.11314241784824486,0.11296441671091324,10,0.000248828432137778,0.0009983836607450347,0.0010047235219446027,0.0010015535913448187,10,4.431257423149822e-06,0.999967378428372,1.000012621571628,0.99999,10,3.162277660168031e-05,0.0013111826293333091,0.0019895876769927736,0.0016503851531630414,10,0.00047417243196872443,0.9949307933347092,1.0011692066652904,0.9980499999999999,10,0.004360350252099913,2.699541534260434e-05,3.478427106336526e-05,3.08898432029848e-05,10,5.444034757861361e-06,E3,R_scale_10,0.027012668838598222,0.028867331161401777,0.02794,10,0.0012963195765105316,0.12374711299079127,0.12414143511554698,0.12394427405316913,10,0.00027561216049255935,100.0,,0.11289041748863438,0.2145026432742016,0.163696530381418,10,0.0710220485309288,,,,,,0.1,0.1,0.1,10,6.542051911182396e-18,0.10000000000000003,0.10000000000000006,0.10000000000000005,10,1.4628472785736255e-17,0.0020825370679760516,0.002442851847011383,0.0022626944574937174,10,0.0002518426648488296,0.07412365283587967,0.07447145923823807,0.07429755603705887,10,0.00024309991240418225,0.03691621725755076,0.03709375719619529,0.03700498722687302,10,0.00012409186041450898,0,10,1000,
6,0.01,62457.73644963843,3,7.000000000000001,55653.65517321269,,,0.12775806540735785,0.14212788150576328,0.13494297345656056,10,0.010043808886493567,0.0007256323562739914,0.0028269463431056024,0.001776289349689797,10,0.0014687172020659727,0.7949511174285624,0.8773688825714374,0.8361599999999999,10,0.05760604563608894,0.016302287566871274,0.02155849624317999,0.018930391905025632,10,0.0036738365370056706,0.6657059290305676,0.9368007376360992,0.8012533333333334,10,0.18948220555561995,5.723377361531077e-05,0.0024506350129318965,0.0012539343932736035,10,0.0016728721141434917,E4,outlier_0.1_gate_false,0.0263068925071663,0.049973107492833686,0.03813999999999999,10,0.016541543660331906,0.14028366497391545,0.1555486517586588,0.14791615836628713,10,0.010669490052682414,100.0,,0.4025736673606836,0.4319895132931389,0.41728159032691126,10,0.02056025858346966,False,,,0.1,0.05,0.1,0.1,0.1,10,6.542051911182396e-18,0.10000000000000003,0.10000000000000006,0.10000000000000005,10,1.4628472785736255e-17,0.003336648247784622,0.006157208693615773,0.004746928470700198,10,0.001971435812172628,0.07493850655407254,0.08076215074509414,0.07785032864958334,10,0.0040704466137218105,0.0374897141850207,0.04108597469720117,0.039287844441110935,10,0.002513612772984079,0,10,1000,
6,96.15,5.46017909074015,3,56.00000000000001,29376.769208537677,,,0.11280485307666854,0.11312135274887641,0.11296310291277248,10,0.00022121801688515584,0.000998914760696757,0.0010055944508039721,0.0010022546057503645,10,4.668781451233526e-06,0.9948034391480847,0.9986698941852488,0.9967366666666667,10,0.002702465723677971,0.0013087824559908443,0.001988341906461699,0.0016485621812262717,10,0.000474979303896398,1.0,1.0,1.0,10,0.0,2.5231029468235407e-05,3.2466417304769445e-05,2.8848723386502428e-05,10,5.0571873816723505e-06,E4,outlier_0.1_gate_true,0.027076147237346124,0.028703852762653886,0.027890000000000005,10,0.0011376877134492282,0.12375452662516624,0.12411330827550436,0.1239339174503353,10,0.0002507710817800102,100.0,,0.010173179166822123,0.06983829458065102,0.04000573687373657,10,0.041703040060030984,True,,,0.1,0.05,0.1,0.1,0.1,10,6.542051911182396e-18,0.10000000000000003,0.10000000000000006,0.10000000000000005,10,1.4628472785736255e-17,0.0023049976642699646,0.0026182744687790823,0.0024616360665245234,10,0.0002189653876927583,0.07424073848761423,0.07440446822381472,0.07432260335571447,10,0.00011443919450132662,0.03697055249535235,0.03711280644052626,0.037041679467939306,10,9.942865161892983e-05,46,10,1000,
6,0.01,1561291.258997523,3,1.0,1390693.4598891013,,,0.15876843306617594,0.19325985565382092,0.17601414435999843,10,0.02410784204343686,0.0005595346009184985,0.01237343420248756,0.006466484401703029,10,0.008257346439913677,0.6141826951255295,0.8577039715411373,0.7359433333333334,10,0.17020963548620177,0.08104895786119687,0.10750797925038091,0.09427846855578889,10,0.01849358073455788,0.294706752298003,0.7071932477019968,0.5009499999999999,10,0.2883081801274377,0.00029313291211988286,0.012248486274511285,0.006270809593315584,10,0.008356215801236471,E4,outlier_0.5_gate_false,0.06753819355435313,0.10346180644564686,0.08549999999999999,10,0.02510887403997948,0.1746692765344387,0.21230283230251668,0.1934860544184777,10,0.0263040416986072,100.0,,0.4040915204682897,0.4315601109509852,0.41782581570963745,10,0.019199220873826202,False,,,0.5,0.05,0.1,0.1,0.1,10,6.542051911182396e-18,0.10000000000000003,0.10000000000000006,0.10000000000000005,10,1.4628472785736255e-17,0.008767657145701407,0.01825123222504819,0.0135094446853748,10,0.006628561910979642,0.07581940195642384,0.09004986443543786,0.08293463319593085,10,0.009946407422812787,0.03839303096632685,0.04970493097646041,0.04404898097139363,10,0.007906472919824895,0,10,1000,
6,96.15,5.46017909074015,3,56.00000000000001,734212.4112820545,,,0.11280485307666854,0.11312135274887641,0.11296310291277248,10,0.00022121801688515584,0.000998914760696757,0.0010055944508039721,0.0010022546057503645,10,4.668781451233526e-06,0.9948034391480847,0.9986698941852488,0.9967366666666667,10,0.002702465723677971,0.0013087824559908443,0.001988341906461699,0.0016485621812262717,10,0.000474979303896398,1.0,1.0,1.0,10,0.0,2.5231029468235407e-05,3.2466417304769445e-05,2.8848723386502428e-05,10,5.0571873816723505e-06,E4,outlier_0.5_gate_true,0.027076147237346124,0.028703852762653886,0.027890000000000005,10,0.0011376877134492282,0.12375452662516624,0.12411330827550436,0.1239339174503353,10,0.0002507710817800102,100.0,,0.0071727741029592,0.06682299948844818,0.03699788679570369,10,0.04169263264785978,True,,,0.5,0.05,0.1,0.1,0.1,10,6.542051911182396e-18,0.10000000000000003,0.10000000000000006,0.10000000000000005,10,1.4628472785736255e-17,0.0023049976642699646,0.0026182744687790823,0.0024616360665245234,10,0.0002189653876927583,0.07424073848761423,0.07440446822381472,0.07432260335571447,10,0.00011443919450132662,0.03697055249535235,0.03711280644052626,0.037041679467939306,10,9.942865161892983e-05,46,10,1000,
6,0.01,6245169.580299833,3,1.0,5554227.364917515,,,0.17842760225687834,0.23352050900208968,0.205974055629484,10,0.03850728656240203,0.0007799635056865116,0.02458645324972519,0.01268320837770585,10,0.016639588955764506,0.5020788281295622,0.8216611718704377,0.66187,10,0.22337265571458753,0.162082092390637,0.21514740433338783,0.18861474836201242,10,0.03709009551724865,0.15611404087025518,0.5284326257964115,0.3422733333333333,10,0.26023274663222745,0.0006395488209146143,0.024521066457833796,0.012580307639374205,10,0.01669202983685078,E4,outlier_1_gate_false,0.07376646642537098,0.120153533574629,0.09695999999999999,10,0.032422324270648936,0.19649686396924326,0.2570289130771491,0.22676288852319618,10,0.04230898492953678,100.0,,0.4041099083186739,0.42902727283221664,0.41656859057544526,10,0.017416036880033008,False,,,1.0,0.05,0.1,0.1,0.1,10,6.542051911182396e-18,0.10000000000000003,0.10000000000000006,0.10000000000000005,10,1.4628472785736255e-17,0.007156212729315832,0.043095000991496636,0.025125606860406234,10,0.025119480892838813,0.07372898084692413,0.1081774731579407,0.09095322700243241,10,0.024077835849137124,0.037764387641880635,0.06362836531940587,0.050696376480643256,10,0.01807767385877859,0,10,1000,
6,96.15,5.46017909074015,3,56.00000000000001,2936772.8332350263,,,0.11280485307666854,0.11312135274887641,0.11296310291277248,10,0.00022121801688515584,0.000998914760696757,0.0010055944508039721,0.0010022546057503645,10,4.668781451233526e-06,0.9948034391480847,0.9986698941852488,0.9967366666666667,10,0.002702465723677971,0.0013087824559908443,0.001988341906461699,0.0016485621812262717,10,0.000474979303896398,1.0,1.0,1.0,10,0.0,2.5231029468235407e-05,3.2466417304769445e-05,2.8848723386502428e-05,10,5.0571873816723505e-06,E4,outlier_1_gate_true,0.027076147237346124,0.028703852762653886,0.027890000000000005,10,0.0011376877134492282,0.12375452662516624,0.12411330827550436,0.1239339174503353,10,0.0002507710817800102,100.0,,0.007327017479450089,0.06688918284604814,0.03710810016274911,10,0.04163108293878732,True,,,1.0,0.05,0.1,0.1,0.1,10,6.542051911182396e-18,0.10000000000000003,0.10000000000000006,0.10000000000000005,10,1.4628472785736255e-17,0.0023049976642699646,0.0026182744687790823,0.0024616360665245234,10,0.0002189653876927583,0.07424073848761423,0.07440446822381472,0.07432260335571447,10,0.00011443919450132662,0.03697055249535235,0.03711280644052626,0.037041679467939306,10,9.942865161892983e-05,46,10,1000,
6,94.23,5.966559867060399,3,93.93939393939394,3.020571277347301,,,0.11273459267229982,0.11309767867880668,0.11291613567555325,10,0.000253779619289611,0.0009972731261539043,0.0010043142863028528,0.0010007937062283786,10,4.921431589029371e-06,0.9954291736411736,0.9978641596921598,0.9966466666666667,10,0.001701937893283019,0.0013081898008336216,0.0019880379888726316,0.0016481138948531266,10,0.00047518111754057024,0.9945630713953364,1.0021035952713304,0.9983333333333334,10,0.005270462766947316,2.6994969495843014e-05,3.6386149065366835e-05,3.1690559280604925e-05,10,6.563981902698604e-06,E5,outage_1_updates,0.02689940770511283,0.028980592294887177,0.027940000000000003,10,0.0014546477236774544,0.12369380992744033,0.12410048591004039,0.12389714791874036,10,0.0002842469117204077,100.0,,0.09581227439991777,0.16514018218980311,0.13047622829486044,10,0.04845686622387086,,1,5.0,,,0.1,0.1,0.1,10,6.542051911182396e-18,0.10000000000000003,0.10000000000000006,0.10000000000000005,10,1.4628472785736255e-17,0.001986673714187791,0.0022974739627096355,0.002142073838448713,10,0.00021723439441751169,0.07413063731567401,0.07443989424044625,0.07428526577806013,10,0.00021615568549841353,0.03690995146774872,0.0371124394686077,0.03701119546817821,10,0.00014152935350797137,0,10,990,
6,96.84,6.402053838449493,3,93.33333333333333,2.953534259499975,,,0.11257930072697399,0.11321535475462181,0.1128973277407979,10,0.00044457111012631827,0.000998253164317062,0.0010049345005816804,0.0010015938324493712,10,4.669932035920156e-06,0.9907321913001533,1.0010544753665134,0.9958933333333333,10,0.0072147790705632195,0.0013581321031174206,0.0019987537839710936,0.001678442943544257,10,0.0004477636795750343,0.9858639856278745,1.0054693477054588,0.9956666666666667,10,0.013703203194062978,2.9520092295942534e-05,4.115003180521349e-05,3.5335062050578014e-05,10,8.128767201520438e-06,E5,outage_10_updates,0.027002536800147095,0.028977463199852914,0.027990000000000004,10,0.0013803783700291905,0.1235287240114836,0.12420998454439244,0.12386935427793802,10,0.0004761682785353459,100.0,,0.07714313303604789,0.1348144256350038,0.10597877933552584,10,0.040309454006529764,,10,5.0,,,0.1,0.1,0.1,10,6.542051911182396e-18,0.10000000000000003,0.10000000000000006,0.10000000000000005,10,1.4628472785736255e-17,0.0020253836282574495,0.002432917092316938,0.002229150360287194,10,0.0002848462499334566,0.07405948849653113,0.07466570668035338,0.07436259758844226,10,0.0004237172932577555,0.03685954003652211,0.03723856340978566,0.037049051723153884,10,0.00026491907053672865,0,10,900,
6,93.88,6.0973392553576975,3,90.0,2.9747509003323693,,,0.11227723537717194,0.11335249317830076,0.11281486427773635,10,0.0007515533799661904,0.0009978965711184555,0.0010058752181447918,0.0010018858946316237,10,5.576689733294645e-06,0.9835927330193566,1.0043272669806436,0.9939600000000001,10,0.014492439919310183,0.0018659494120475224,0.002262013203943641,0.0020639813079955816,10,0.00027682950188249127,0.9627244174864259,1.0144222491802408,0.9885733333333334,10,0.03613429273019067,3.249915290738708e-05,5.218576658039738e-05,4.234245974389223e-05,10,1.375999414327148e-05,E5,outage_30_updates,0.027002536800147095,0.028977463199852914,0.027990000000000004,10,0.0013803783700291905,0.12313955009475365,0.12438702772224482,0.12376328890849923,10,0.0008719267383030835,100.0,,0.07166027787287077,0.12561332930471414,0.09863680358879245,10,0.037710582634716244,,30,5.0,,,0.1,0.1,0.1,10,6.542051911182396e-18,0.10000000000000003,0.10000000000000006,0.10000000000000005,10,1.4628472785736255e-17,0.0019300247934263197,0.0025902174693685823,0.002260121131397451,10,0.0004614428619001378,0.07405958799521158,0.07466628512215111,0.07436293655868134,10,0.0004240520514136252,0.03674990936404811,0.03755746586593947,0.03715368761499379,10,0.000564443073905602,0,10,700,
6,0.27,3300.019738608408,3,2.0,72.45833712348339,,,0.5391535675318139,0.5396313187349598,0.5393924431333869,10,0.00033392506534739487,0.0010620154189018057,0.0011650110125583648,0.0011135132157300853,10,7.198895600008562e-05,0.5506294231589577,0.7615039101743755,0.6560666666666666,10,0.14739110313703002,0.0014697913235097618,0.0020853875944872305,0.001777589458998496,10,0.0004302721241938448,0.3509189274548891,0.4624744058784442,0.40669666666666665,10,0.0779719029008226,0.0003203760033822264,0.0005932836978909071,0.00045682985063656673,10,0.0001907493254282444,E6,nominal,0.952697082875583,0.9538629171244173,0.9532800000000001,10,0.0008148619514985344,0.9714745612991427,0.9719281000272153,0.971701330663179,10,0.00031700171221329585,100.0,,0.3992337129306149,0.6245393773384081,0.5118865451345115,10,0.1574778006106455,,,,,,0.09999999999999999,0.10000000000000002,0.1,10,1.2239058429067097e-17,0.10000000000000003,0.10000000000000006,0.10000000000000005,10,1.2239058429067097e-17,2.095648255874203,2.097401893189646,2.0965250745319244,10,0.0012257079653569488,3.1414863567630245,3.141486843885724,3.141486600324374,10,3.4047528958381227e-07,1.729852819376272,1.730175683696517,1.7300142515363945,10,0.00022566659911315578,0,10,1000,
6,3.16,243.32780189566407,3,38.0,5.608912809369296,10.0,,0.5391062951662328,0.539561319617715,0.5393338073919739,10,0.0003180401612709205,0.0010460737961784708,0.001124456597451734,0.0010852651968151024,10,5.4785800359965536e-05,0.9711200167139563,1.0011599832860438,0.98614,10,0.02099648883051347,0.0013882082222144414,0.002035449033728513,0.0017118286279714772,10,0.0004523901328916601,0.4397407134419904,0.6703859532246763,0.5550633333333334,10,0.16120990645202793,0.00027453404779618574,0.0005088036561073524,0.0003916688519517691,10,0.0001637431653737146,E6,Q_scale_10,0.9527029651363221,0.9538570348636781,0.9532800000000001,10,0.0008066391179868894,0.971438986672664,0.9718749196860306,0.9716569531793473,10,0.0003046961661571391,100.0,,0.3448183458126913,0.55159252390907,0.44820543486088066,10,0.1445251848207209,,,,,,0.09999999999999999,0.10000000000000002,0.1,10,1.2239058429067097e-17,0.10000000000000003,0.10000000000000006,0.10000000000000005,10,1.3084103822364792e-17,2.0955682826741677,2.097281486779205,2.0964248847266864,10,0.0011974470999991228,3.1414862747495356,3.14148666730262,3.1414864710260777,10,2.743756865747239e-07,1.7298346779400682,1.7301456502269155,1.7299901640834918,10,0.00021735464091555767,0,10,1000,
6,0.49,4319.708149558005,3,3.0,86.93043852916615,,10.0,0.5391923689453826,0.5397330905477835,0.539462729746583,10,0.00037793833951123496,0.001079964629470375,0.0012139300399087048,0.00114694733468954,10,9.36353653121953e-05,0.4537531251901289,0.6822735414765376,0.5680133333333333,10,0.15972475723592156,0.0019368053607466238,0.0025670794166155696,0.0022519423886810967,10,0.0004405311884238607,0.37301144476691706,0.44159522189974953,0.4073033333333333,10,0.04793675475864135,0.0003674094915770207,0.0006835974434112774,0.000525503467494149,10,0.00022100013936765083,E6,R_scale_10,0.9527499088375626,0.9539300911624375,0.9533400000000001,10,0.0008248905651323963,0.9715136359151771,0.9720131192487577,0.9717633775819674,10,0.00034911477712142177,100.0,,0.5024766472111346,0.7709552722008814,0.636715959706008,10,0.18765361929752347,,,,,,0.09999999999999999,0.10000000000000002,0.1,10,1.2239058429067097e-17,0.10000000000000003,0.10000000000000006,0.10000000000000005,10,1.3084103822364792e-17,2.0956185123701934,2.097534379056114,2.0965764457131537,10,0.0013390984765299593,3.141486422850028,3.141487020047134,3.141486721448581,10,4.1741199476136283e-07,1.7298607548698748,1.7302211393142095,1.7300409470920421,10,0.00025189135753559886,0,10,1000,
6,2.85,261.19913618378615,3,37.0,5.815072684259128,10.0,10.0,0.5391169611776562,0.5395850534115133,0.5393510072945847,10,0.00032717391133727495,0.0010490827619836873,0.0011333374188000362,0.0010912100903918618,10,5.88899443851905e-05,0.9497311923598692,0.9984488076401308,0.97409,10,0.03405126509134406,0.001435558820439173,0.002067147519141342,0.0017513531697902576,10,0.00044145006040388277,0.43895099123766035,0.6696023420956732,0.5542766666666668,10,0.16121417779915262,0.0002839419799643292,0.0005277989413368187,0.00040587046065057396,10,0.00017044426309242175,E6,Q_R_scale_10,0.952690294392104,0.9538697056078963,0.9532800000000001,10,0.000824351597047978,0.9714435501891132,0.9718882601640337,0.9716659051765735,10,0.00031083083926965627,100.0,,0.38020564595232426,0.5984905811782768,0.48934811356530056,10,0.1525706492829357,,,,,,0.09999999999999999,0.10000000000000002,0.1,10,1.2239058429067097e-17,0.10000000000000003,0.10000000000000006,0.10000000000000005,10,1.3084103822364792e-17,2.095608629823454,2.0973553259711775,2.096481977897316,10,0.0012208564236572117,3.1414862837185087,3.14148669685639,3.1414864902874493,10,2.8876346752131133e-07,1.729839639657382,1.7301579281875255,1.7299987839224538,10,0.00022246834236640565,0,10,1000,
6,0.27,3215.877715769877,3,2.0,70.57186759430387,,,0.5244154843273742,0.5250378922758819,0.524726688301628,10,0.0004350331584926262,0.0010605191081599608,0.0011609773153790403,0.0011107482117695005,10,7.021544517192321e-05,0.5502215078612792,0.7601918254720542,0.6552066666666667,10,0.1467591323004475,0.001465687860082556,0.002083007195548258,0.0017743475278154072,10,0.00043147646322646763,0.35507376879944463,0.45652623120055535,0.4058,10,0.07091038162513456,0.0003163262385595813,0.000585356306013359,0.0004508412722864701,10,0.00018803905100261246,E6,inertia_mismatch_25pct,0.9509688530067308,0.9519111469932693,0.9514400000000001,10,0.0006586180818788567,0.969969427268104,0.9706153402282353,0.9702923837481696,10,0.0004514620287720636,100.0,0.25,0.39718274043924906,0.6218526317510774,0.5095176860951632,10,0.1570334258582258,,,,,,0.09999999999999999,0.10000000000000002,0.1,10,1.2239058429067097e-17,0.10000000000000003,0.10000000000000006,0.10000000000000005,10,1.2239058429067097e-17,2.5428596216583896,2.5444534224151347,2.543656522036762,10,0.0011139899142952043,3.1414541051203373,3.1414544660413593,3.1414542855808483,10,2.52266399496514e-07,1.79469822382708,1.795062799215766,1.794880511521423,10,0.0002548206256506008,0,10,1000,
6,95.89999999999999,6.006776568299769,3,97.0,2.973091299954086,,,0.112774635843149,0.11314735156644469,0.11296099370479684,10,0.00026051032721209123,0.0009983851899920773,0.0010047303738361518,0.0010015577819141145,10,4.434977695130212e-06,0.9963854030156655,0.9988412636510012,0.9976133333333334,10,0.0017165282216737487,0.0013078567808410325,0.0019877425760090792,0.0016477996784250559,10,0.0004752074031112574,0.9938655283100415,1.0015944716899585,0.99773,10,0.005402158919140984,2.7052943802562312e-05,3.521832431396942e-05,3.1135634058265865e-05,10,5.707207439569999e-06,E7,nominal_monte_carlo,0.027000722066734213,0.028919277933265777,0.027959999999999995,10,0.0013409780841692458,0.12373496571910103,0.12414548349912413,0.12394022460911258,10,0.0002869321429602224,100.0,,0.0874798349332795,0.15346831443928027,0.12047407468627988,10,0.04612276680020394,,,,,,0.1,0.1,0.1,10,6.542051911182396e-18,0.10000000000000003,0.10000000000000006,0.10000000000000005,10,1.4628472785736255e-17,0.0020838841836768782,0.002415409116787647,0.0022496466502322627,10,0.0002317199501002397,0.07412400390413283,0.07447237937470481,0.07429819163941882,10,0.00024349766365871622,0.03691654965447813,0.037097737436059264,0.0370071435452687,10,0.00012664152681610223,0,10,1000,
